seed,policy,control_window_after_shift,mlu
1,Reactive,0,0.7088
1,Reactive,1,0.9366
1,Reactive,2,0.9259
1,Reactive,3,0.8999
1,Reactive,4,0.8809
1,Reactive,5,0.8786
1,Reactive,6,0.8631
1,Reactive,7,0.8597
1,Reactive,8,0.8439
1,Reactive,9,0.8301
1,Reactive,10,0.8239
1,Reactive,11,0.8311
1,Reactive,12,0.8263
1,Reactive,13,0.8153
1,Reactive,14,0.8113
1,Reactive,15,0.8137
1,Reactive,16,0.804
1,Reactive,17,0.8025
1,Reactive,18,0.8041
1,Reactive,19,0.8002
1,Reactive,20,0.7995
1,Reactive,21,0.798
1,Reactive,22,0.7977
1,Reactive,23,0.7983
1,Reactive,24,0.7955
1,Reactive,25,0.7955
2,Reactive,0,0.69
2,Reactive,1,0.9336
2,Reactive,2,0.9077
2,Reactive,3,0.8887
2,Reactive,4,0.8775
2,Reactive,5,0.8691
2,Reactive,6,0.866
2,Reactive,7,0.8437
2,Reactive,8,0.8431
2,Reactive,9,0.8336
2,Reactive,10,0.8284
2,Reactive,11,0.8285
2,Reactive,12,0.8219
2,Reactive,13,0.8205
2,Reactive,14,0.812
2,Reactive,15,0.8075
2,Reactive,16,0.8063
2,Reactive,17,0.8052
2,Reactive,18,0.8031
2,Reactive,19,0.7988
2,Reactive,20,0.7997
2,Reactive,21,0.7987
2,Reactive,22,0.8012
2,Reactive,23,0.799
2,Reactive,24,0.7942
2,Reactive,25,0.7943
3,Reactive,0,0.6954
3,Reactive,1,0.9286
3,Reactive,2,0.9175
3,Reactive,3,0.9076
3,Reactive,4,0.8786
3,Reactive,5,0.867
3,Reactive,6,0.8475
3,Reactive,7,0.8502
3,Reactive,8,0.8375
3,Reactive,9,0.8334
3,Reactive,10,0.826
3,Reactive,11,0.8241
3,Reactive,12,0.8134
3,Reactive,13,0.811
3,Reactive,14,0.8191
3,Reactive,15,0.8058
3,Reactive,16,0.804
3,Reactive,17,0.8091
3,Reactive,18,0.8092
3,Reactive,19,0.7986
3,Reactive,20,0.7988
3,Reactive,21,0.7989
3,Reactive,22,0.7999
3,Reactive,23,0.7948
3,Reactive,24,0.7951
3,Reactive,25,0.7956
4,Reactive,0,0.7143
4,Reactive,1,0.9305
4,Reactive,2,0.9137
4,Reactive,3,0.8875
4,Reactive,4,0.8821
4,Reactive,5,0.8696
4,Reactive,6,0.8619
4,Reactive,7,0.848
4,Reactive,8,0.8454
4,Reactive,9,0.8407
4,Reactive,10,0.8305
4,Reactive,11,0.8259
4,Reactive,12,0.8201
4,Reactive,13,0.8159
4,Reactive,14,0.8102
4,Reactive,15,0.8104
4,Reactive,16,0.8066
4,Reactive,17,0.8097
4,Reactive,18,0.8062
4,Reactive,19,0.8018
4,Reactive,20,0.7981
4,Reactive,21,0.7963
4,Reactive,22,0.7991
4,Reactive,23,0.7966
4,Reactive,24,0.796
4,Reactive,25,0.7925
5,Reactive,0,0.7193
5,Reactive,1,0.9382
5,Reactive,2,0.9054
5,Reactive,3,0.8945
5,Reactive,4,0.8857
5,Reactive,5,0.8717
5,Reactive,6,0.8587
5,Reactive,7,0.8505
5,Reactive,8,0.8417
5,Reactive,9,0.8366
5,Reactive,10,0.8362
5,Reactive,11,0.8142
5,Reactive,12,0.819
5,Reactive,13,0.8165
5,Reactive,14,0.8134
5,Reactive,15,0.8084
5,Reactive,16,0.8023
5,Reactive,17,0.8054
5,Reactive,18,0.8065
5,Reactive,19,0.7979
5,Reactive,20,0.8012
5,Reactive,21,0.7977
5,Reactive,22,0.7971
5,Reactive,23,0.7947
5,Reactive,24,0.7949
5,Reactive,25,0.7963
1,HW-only,0,0.7208
1,HW-only,1,0.9159
1,HW-only,2,0.8907
1,HW-only,3,0.8677
1,HW-only,4,0.8626
1,HW-only,5,0.8409
1,HW-only,6,0.8326
1,HW-only,7,0.817
1,HW-only,8,0.8113
1,HW-only,9,0.8011
1,HW-only,10,0.8031
1,HW-only,11,0.7893
1,HW-only,12,0.7927
1,HW-only,13,0.7857
1,HW-only,14,0.7869
1,HW-only,15,0.7828
1,HW-only,16,0.7832
1,HW-only,17,0.7783
1,HW-only,18,0.7714
1,HW-only,19,0.7733
1,HW-only,20,0.77
1,HW-only,21,0.7703
1,HW-only,22,0.7728
1,HW-only,23,0.7705
1,HW-only,24,0.768
1,HW-only,25,0.7671
2,HW-only,0,0.7153
2,HW-only,1,0.8888
2,HW-only,2,0.8751
2,HW-only,3,0.8667
2,HW-only,4,0.8584
2,HW-only,5,0.842
2,HW-only,6,0.8137
2,HW-only,7,0.8203
2,HW-only,8,0.8114
2,HW-only,9,0.8064
2,HW-only,10,0.8058
2,HW-only,11,0.7857
2,HW-only,12,0.7877
2,HW-only,13,0.7883
2,HW-only,14,0.7783
2,HW-only,15,0.7849
2,HW-only,16,0.7794
2,HW-only,17,0.7786
2,HW-only,18,0.7736
2,HW-only,19,0.7751
2,HW-only,20,0.7743
2,HW-only,21,0.7716
2,HW-only,22,0.7707
2,HW-only,23,0.77
2,HW-only,24,0.7678
2,HW-only,25,0.7682
3,HW-only,0,0.7135
3,HW-only,1,0.9035
3,HW-only,2,0.8892
3,HW-only,3,0.856
3,HW-only,4,0.8492
3,HW-only,5,0.8477
3,HW-only,6,0.823
3,HW-only,7,0.814
3,HW-only,8,0.812
3,HW-only,9,0.8084
3,HW-only,10,0.7989
3,HW-only,11,0.7993
3,HW-only,12,0.793
3,HW-only,13,0.7892
3,HW-only,14,0.785
3,HW-only,15,0.7873
3,HW-only,16,0.7779
3,HW-only,17,0.7717
3,HW-only,18,0.7785
3,HW-only,19,0.7725
3,HW-only,20,0.7725
3,HW-only,21,0.7735
3,HW-only,22,0.7678
3,HW-only,23,0.7677
3,HW-only,24,0.7668
3,HW-only,25,0.7674
4,HW-only,0,0.7194
4,HW-only,1,0.9048
4,HW-only,2,0.8831
4,HW-only,3,0.8532
4,HW-only,4,0.8335
4,HW-only,5,0.8383
4,HW-only,6,0.8247
4,HW-only,7,0.8212
4,HW-only,8,0.8146
4,HW-only,9,0.8051
4,HW-only,10,0.8021
4,HW-only,11,0.7949
4,HW-only,12,0.7918
4,HW-only,13,0.7839
4,HW-only,14,0.7827
4,HW-only,15,0.7812
4,HW-only,16,0.7806
4,HW-only,17,0.7756
4,HW-only,18,0.776
4,HW-only,19,0.7729
4,HW-only,20,0.772
4,HW-only,21,0.7727
4,HW-only,22,0.7671
4,HW-only,23,0.7677
4,HW-only,24,0.7669
4,HW-only,25,0.7655
5,HW-only,0,0.7082
5,HW-only,1,0.9069
5,HW-only,2,0.8783
5,HW-only,3,0.8658
5,HW-only,4,0.8579
5,HW-only,5,0.8467
5,HW-only,6,0.8271
5,HW-only,7,0.8262
5,HW-only,8,0.8115
5,HW-only,9,0.8005
5,HW-only,10,0.7962
5,HW-only,11,0.7881
5,HW-only,12,0.7866
5,HW-only,13,0.7851
5,HW-only,14,0.7858
5,HW-only,15,0.7856
5,HW-only,16,0.7748
5,HW-only,17,0.7775
5,HW-only,18,0.7726
5,HW-only,19,0.7744
5,HW-only,20,0.772
5,HW-only,21,0.768
5,HW-only,22,0.7718
5,HW-only,23,0.7687
5,HW-only,24,0.7682
5,HW-only,25,0.767
1,Hybrid,0,0.7135
1,Hybrid,1,0.8739
1,Hybrid,2,0.8484
1,Hybrid,3,0.836
1,Hybrid,4,0.8221
1,Hybrid,5,0.8167
1,Hybrid,6,0.7963
1,Hybrid,7,0.7821
1,Hybrid,8,0.7891
1,Hybrid,9,0.7765
1,Hybrid,10,0.7782
1,Hybrid,11,0.771
1,Hybrid,12,0.7658
1,Hybrid,13,0.7647
1,Hybrid,14,0.7674
1,Hybrid,15,0.7654
1,Hybrid,16,0.758
1,Hybrid,17,0.7569
1,Hybrid,18,0.7579
1,Hybrid,19,0.7528
1,Hybrid,20,0.7544
1,Hybrid,21,0.7531
1,Hybrid,22,0.7531
1,Hybrid,23,0.751
1,Hybrid,24,0.7497
1,Hybrid,25,0.7489
2,Hybrid,0,0.7088
2,Hybrid,1,0.8658
2,Hybrid,2,0.8476
2,Hybrid,3,0.8485
2,Hybrid,4,0.8275
2,Hybrid,5,0.8016
2,Hybrid,6,0.8005
2,Hybrid,7,0.788
2,Hybrid,8,0.7821
2,Hybrid,9,0.7789
2,Hybrid,10,0.7761
2,Hybrid,11,0.7681
2,Hybrid,12,0.7702
2,Hybrid,13,0.7597
2,Hybrid,14,0.7613
2,Hybrid,15,0.7669
2,Hybrid,16,0.7584
2,Hybrid,17,0.76
2,Hybrid,18,0.7557
2,Hybrid,19,0.7557
2,Hybrid,20,0.7537
2,Hybrid,21,0.7529
2,Hybrid,22,0.7514
2,Hybrid,23,0.7528
2,Hybrid,24,0.7507
2,Hybrid,25,0.7524
3,Hybrid,0,0.7309
3,Hybrid,1,0.8734
3,Hybrid,2,0.8476
3,Hybrid,3,0.837
3,Hybrid,4,0.8173
3,Hybrid,5,0.8142
3,Hybrid,6,0.7872
3,Hybrid,7,0.7884
3,Hybrid,8,0.7734
3,Hybrid,9,0.771
3,Hybrid,10,0.7793
3,Hybrid,11,0.7731
3,Hybrid,12,0.7636
3,Hybrid,13,0.7585
3,Hybrid,14,0.7521
3,Hybrid,15,0.7579
3,Hybrid,16,0.7642
3,Hybrid,17,0.7576
3,Hybrid,18,0.7542
3,Hybrid,19,0.7555
3,Hybrid,20,0.7508
3,Hybrid,21,0.7526
3,Hybrid,22,0.7528
3,Hybrid,23,0.7521
3,Hybrid,24,0.7529
3,Hybrid,25,0.752
4,Hybrid,0,0.7267
4,Hybrid,1,0.8637
4,Hybrid,2,0.8577
4,Hybrid,3,0.8461
4,Hybrid,4,0.8126
4,Hybrid,5,0.8021
4,Hybrid,6,0.8064
4,Hybrid,7,0.7892
4,Hybrid,8,0.7908
4,Hybrid,9,0.7759
4,Hybrid,10,0.7797
4,Hybrid,11,0.77
4,Hybrid,12,0.7672
4,Hybrid,13,0.7688
4,Hybrid,14,0.7602
4,Hybrid,15,0.7567
4,Hybrid,16,0.7567
4,Hybrid,17,0.7576
4,Hybrid,18,0.752
4,Hybrid,19,0.7559
4,Hybrid,20,0.7528
4,Hybrid,21,0.7552
4,Hybrid,22,0.7488
4,Hybrid,23,0.751
4,Hybrid,24,0.7496
4,Hybrid,25,0.7505
5,Hybrid,0,0.7225
5,Hybrid,1,0.8684
5,Hybrid,2,0.8479
5,Hybrid,3,0.8322
5,Hybrid,4,0.821
5,Hybrid,5,0.8013
5,Hybrid,6,0.8026
5,Hybrid,7,0.794
5,Hybrid,8,0.7856
5,Hybrid,9,0.7806
5,Hybrid,10,0.7747
5,Hybrid,11,0.7776
5,Hybrid,12,0.7659
5,Hybrid,13,0.7625
5,Hybrid,14,0.7589
5,Hybrid,15,0.7565
5,Hybrid,16,0.7546
5,Hybrid,17,0.7544
5,Hybrid,18,0.7553
5,Hybrid,19,0.7552
5,Hybrid,20,0.7539
5,Hybrid,21,0.7518
5,Hybrid,22,0.7541
5,Hybrid,23,0.7533
5,Hybrid,24,0.7516
5,Hybrid,25,0.7507
1,RankGuard,0,0.7255
1,RankGuard,1,0.8417
1,RankGuard,2,0.8012
1,RankGuard,3,0.7923
1,RankGuard,4,0.7786
1,RankGuard,5,0.7582
1,RankGuard,6,0.7555
1,RankGuard,7,0.7387
1,RankGuard,8,0.7477
1,RankGuard,9,0.7421
1,RankGuard,10,0.7316
1,RankGuard,11,0.7313
1,RankGuard,12,0.7188
1,RankGuard,13,0.7221
1,RankGuard,14,0.7237
1,RankGuard,15,0.7206
1,RankGuard,16,0.7247
1,RankGuard,17,0.727
1,RankGuard,18,0.7191
1,RankGuard,19,0.7196
1,RankGuard,20,0.7215
1,RankGuard,21,0.7236
1,RankGuard,22,0.7187
1,RankGuard,23,0.7209
1,RankGuard,24,0.7228
1,RankGuard,25,0.7182
2,RankGuard,0,0.7072
2,RankGuard,1,0.8361
2,RankGuard,2,0.809
2,RankGuard,3,0.7991
2,RankGuard,4,0.7784
2,RankGuard,5,0.7524
2,RankGuard,6,0.7575
2,RankGuard,7,0.7436
2,RankGuard,8,0.7474
2,RankGuard,9,0.7333
2,RankGuard,10,0.7299
2,RankGuard,11,0.732
2,RankGuard,12,0.7305
2,RankGuard,13,0.7275
2,RankGuard,14,0.7194
2,RankGuard,15,0.7252
2,RankGuard,16,0.7201
2,RankGuard,17,0.7228
2,RankGuard,18,0.7185
2,RankGuard,19,0.7222
2,RankGuard,20,0.7195
2,RankGuard,21,0.7186
2,RankGuard,22,0.7218
2,RankGuard,23,0.7208
2,RankGuard,24,0.7196
2,RankGuard,25,0.7221
3,RankGuard,0,0.7156
3,RankGuard,1,0.8403
3,RankGuard,2,0.8157
3,RankGuard,3,0.788
3,RankGuard,4,0.7801
3,RankGuard,5,0.7606
3,RankGuard,6,0.7519
3,RankGuard,7,0.7544
3,RankGuard,8,0.7355
3,RankGuard,9,0.7248
3,RankGuard,10,0.7396
3,RankGuard,11,0.74
3,RankGuard,12,0.7262
3,RankGuard,13,0.7194
3,RankGuard,14,0.7237
3,RankGuard,15,0.7228
3,RankGuard,16,0.7223
3,RankGuard,17,0.7195
3,RankGuard,18,0.723
3,RankGuard,19,0.7224
3,RankGuard,20,0.7182
3,RankGuard,21,0.722
3,RankGuard,22,0.7239
3,RankGuard,23,0.7207
3,RankGuard,24,0.7199
3,RankGuard,25,0.7201
4,RankGuard,0,0.7262
4,RankGuard,1,0.8241
4,RankGuard,2,0.8148
4,RankGuard,3,0.7897
4,RankGuard,4,0.7899
4,RankGuard,5,0.763
4,RankGuard,6,0.7645
4,RankGuard,7,0.7406
4,RankGuard,8,0.7439
4,RankGuard,9,0.7377
4,RankGuard,10,0.7289
4,RankGuard,11,0.7306
4,RankGuard,12,0.7321
4,RankGuard,13,0.7249
4,RankGuard,14,0.7194
4,RankGuard,15,0.7236
4,RankGuard,16,0.7204
4,RankGuard,17,0.7214
4,RankGuard,18,0.7215
4,RankGuard,19,0.7178
4,RankGuard,20,0.718
4,RankGuard,21,0.7216
4,RankGuard,22,0.7198
4,RankGuard,23,0.7167
4,RankGuard,24,0.7214
4,RankGuard,25,0.7206
5,RankGuard,0,0.7129
5,RankGuard,1,0.8279
5,RankGuard,2,0.8205
5,RankGuard,3,0.7955
5,RankGuard,4,0.7938
5,RankGuard,5,0.7669
5,RankGuard,6,0.7567
5,RankGuard,7,0.7458
5,RankGuard,8,0.745
5,RankGuard,9,0.7392
5,RankGuard,10,0.7381
5,RankGuard,11,0.7278
5,RankGuard,12,0.7261
5,RankGuard,13,0.7244
5,RankGuard,14,0.7271
5,RankGuard,15,0.7279
5,RankGuard,16,0.7216
5,RankGuard,17,0.7212
5,RankGuard,18,0.7224
5,RankGuard,19,0.7208
5,RankGuard,20,0.7228
5,RankGuard,21,0.7169
5,RankGuard,22,0.7193
5,RankGuard,23,0.7193
5,RankGuard,24,0.7172
5,RankGuard,25,0.7191
